category,price,url
Condo/Appartementàlouer,2300 $,/fr/condo-appartement~a-louer~montreal-ville-marie/23416294?view=Summary
Condo/Appartementàlouer,2850 $,/fr/condo-appartement~a-louer~montreal-ahuntsic-cartierville/28983698?view=Summary
Condo/Appartementàlouer,2150 $,/fr/condo-appartement~a-louer~montreal-saint-laurent/24443248?view=Summary
Condo/Appartementàlouer,1900 $,/fr/condo-appartement~a-louer~montreal-ville-marie/12291387?view=Summary
Maisonencopropriétéàlouer,2800 $,/fr/maison-en-copropriete~a-louer~montreal-lachine/11974836?view=Summary
Condo/Appartementàlouer,2650 $,/fr/condo-appartement~a-louer~montreal-ville-marie/27573650?view=Summary
Condo/Appartementàlouer,1250 $,/fr/condo-appartement~a-louer~montreal-villeray-saint-michel-parc-extension/20952438?view=Summary
Condo/Appartementàlouer,1934 $,/fr/condo-appartement~a-louer~montreal-ville-marie/20369028?view=Summary
Maisonencopropriétéàlouer,2995 $,/fr/maison-en-copropriete~a-louer~montreal-saint-laurent/18298889?view=Summary
